{
  "wrong_info": {
    "info": "weather station data"
  },
  "missing_keys": {
    "info": "Weather station data",
    "num_data_points": 15,
    "interval": 2000,
    "water_mm": 0,
    "temperature": 15.85,
    "humidity": 41.34863,
    "wind_speed": [
      7.334963,
      5.366726,
      20.40816,
      9.316771,
      5.509642,
      23.03263,
      10.44386,
      9.724473,
      13.02932,
      7.532957,
      5.862237,
      4.098361,
      3.470214,
      16.43836,
      11.45038
    ],
    "wind_dir": [
      "N",
      "N",
      "N",
      "N",
      "N",
      "N",
      "N",
      "N",
      "N",
      "N",
      "NW",
      "N",
      "N",
      "N",
      "N"
    ],
    "max_gust": [
      25.53192,
      12.30769,
      77.41936,
      13.71429,
      6.818182,
      72.72727,
      30.37975,
      40.67797,
      34.78261,
      10.61947,
      13.48315,
      4.225352,
      3.389831,
      60,
      43.63636
    ]
  },
  "missing_data": {
    "info": "Weather station data",
    "num_data_points": 15,
    "interval": 2000,
    "water_mm": 0,
    "temperature": 15.85,
    "humidity": 41.34863,
    "pressure": 1017.592,
    "wind_speed": [
      7.334963,
      5.366726,
      20.40816,
      9.316771,
      5.509642,
      23.03263,
      10.44386,
      9.724473,
      13.02932,
      7.532957,
      5.862237,
      4.098361,
      3.470214,
      16.43836,
      11.45038
    ],
    "wind_dir": [
      "N",
      "N",
      "N",
      "N",
      "N",
      "N",
      "N",
      "N",
      "N",
      "N",
      "N",
      "N",
      "N",
      "N"
    ],
    "max_gust": [
      25.53192,
      12.30769,
      77.41936,
      13.71429,
      6.818182,
      72.72727,
      30.37975,
      40.67797,
      34.78261,
      10.61947,
      13.48315,
      4.225352,
      3.389831,
      60
    ]
  }
}